username,ristorante,stelle,testo,data,risposta
Seki,Feel Como,3,"asgaggsa",2025-09-01 16:12:50,""
utente,Casa flavio,5,"Esperienza culinaria incredibile! Il pesce di lago era freschissimo e cucinato alla perfezione. L'ambiente è curato e la vista sul lago è mozzafiato. Torneremo di sicuro.",2025-08-28,"Ci fa molto piacere leggere le sue parole! La soddisfazione dei nostri clienti è la nostra priorità. L'aspettiamo per un'altra esperienza indimenticabile."
utente,Casa flavio,3,"Il cibo era buono, ma i prezzi sono un po' alti per le porzioni offerte. Il personale è stato un po' distratto, ma nel complesso una serata discreta.",2025-08-26,"Grazie per il suo feedback. Prendiamo nota delle sue osservazioni sui prezzi e sul servizio. Il nostro obiettivo è offrire un'esperienza di alta qualità e il suo parere ci aiuta a migliorare."
utente,Casa flavio,5,"Tutto perfetto, dall'antipasto al dolce. La tartare di lavarello era deliziosa e la cantina dei vini ha una selezione eccellente. Consigliatissimo!",2025-08-25,"Siamo lieti che abbia apprezzato ogni aspetto della sua cena. La passione per il nostro lavoro si riflette in ogni piatto che serviamo. La ringraziamo e a presto!"
utente,Casa flavio,2,"Sono rimasto un po' deluso. Il piatto di gnocchi era troppo salato e l'attesa per l'ordinazione è stata eccessiva. Forse una serata storta, ma non credo di tornarci.",2025-08-23,"Ci dispiace molto per la sua esperienza negativa. Ci scusiamo per gli inconvenienti riscontrati. Se volesse darci una seconda possibilità, saremmo felici di farle cambiare idea."
utente,Casa flavio,4,"Bel posto, ideale per una cena romantica. I piatti sono ben presentati e gustosi. Il servizio è stato attento e puntuale. Una bella scoperta.",2025-08-22,"Grazie! Ci fa piacere sapere che siamo il luogo ideale per le sue occasioni speciali. Speriamo di ospitarla di nuovo per la sua prossima cena romantica."
utente,Casa flavio,5,"Ho festeggiato il mio compleanno qui e non potevo scegliere posto migliore. Personale gentilissimo, cibo squisito e un'atmosfera magica. Grazie di tutto!",2025-08-20,"Auguri di buon compleanno in ritardo! È un onore averla avuta con noi per festeggiare il suo giorno speciale. L'aspettiamo per celebrare insieme altre occasioni!"
utente,Casa flavio,4,"Cena di lavoro riuscita. Il menù è vario e offre piatti per tutti i gusti. Prezzi onesti e servizio impeccabile. Torneremo sicuramente per altre cene aziendali.",2025-08-18,"Siamo felici che la sua cena di lavoro sia stata un successo. Ci impegniamo a soddisfare le esigenze di ogni tipo di clientela. La ringraziamo e a presto!"
utente,Casa flavio,5,"Semplicemente fantastico. Il migliore ristorante di Como per rapporto qualità/prezzo. I piatti sono abbondanti, saporiti e preparati con ingredienti di prima qualità. Da non perdere!",2025-08-15,"Grazie per questa splendida recensione! Siamo orgogliosi di offrire un'esperienza culinaria di alta qualità a prezzi accessibili. Speriamo di rivederla presto per un'altra gustosa esperienza!"
utente,Casa flavio,4,"Un'ottima alternativa ai soliti ristoranti turistici. Piatti tradizionali rivisitati con creatività e gusto. L'atmosfera è accogliente e il personale preparato. Tornerò per provare altri piatti.",2025-08-12,"La ringraziamo per le sue belle parole. Cerchiamo di mantenere viva la tradizione culinaria comasca con un tocco di innovazione. Non vediamo l'ora di averla di nuovo come nostro ospite!"
